Genome_1	Genome_2	AAI	Stdev_AAI	Genes_Shared	Genes_Shared_Normalized_by_Genome_1_Genes
GCA_001013905.1_sleC34.faa	GCA_000282715.1_ASM28271v1.faa	53.22237827715356	13.324650400580813	3204	0.4581069488132685
GCA_001013905.1_sleC34.faa	GCA_000384275.1_ASM38427v1.faa	53.51524259338772	13.735305001134805	2329	0.33299971404060624
GCA_000282715.1_ASM28271v1.faa	GCA_001013905.1_sleC34.faa	53.228682896379524	13.332210180575434	3204	0.33662534145828954
GCA_000282715.1_ASM28271v1.faa	GCA_000384275.1_ASM38427v1.faa	52.827099533437014	13.893358933927624	2572	0.2702248371506619
GCA_000384275.1_ASM38427v1.faa	GCA_001013905.1_sleC34.faa	53.52945470158866	13.657565269569693	2329	0.45013529184383455
GCA_000384275.1_ASM38427v1.faa	GCA_000282715.1_ASM28271v1.faa	52.82239502332815	13.893764429485506	2572	0.49710088906068806
